id,y
5380,10.0
5381,7.0
5382,3.0
5383,13.0
5384,4.0
5385,4.0
5386,39.0
5387,1.0
5388,8.0
5389,6.0
5390,4.0
5391,9.0
5392,1.0
5393,13.0
5394,3.0
5395,4.0
5396,10.0
5397,9.0
5398,3.0
5399,9.0
5400,12.0
5401,4.0
5402,2.0
5403,8.0
5404,1.0
5405,8.0
5406,9.0
5407,16.0
5408,3.0
5409,15.0
5410,2.0
5411,2.0
5412,14.0
5413,6.0
5414,6.0
5415,13.0
5416,1.0
5417,9.0
5418,13.0
5419,3.0
5420,9.0
5421,4.0
5422,1.0
5423,31.0
5424,3.0
5425,29.0
5426,8.0
5427,11.0
5428,1.0
5429,9.0
5430,1.0
5431,2.0
5432,33.0
5433,9.0
5434,3.0
5435,8.0
5436,2.0
5437,2.0
5438,16.0
5439,6.0
5440,3.0
5441,7.0
5442,10.0
5443,2.0
5444,15.0
5445,9.0
5446,6.0
5447,4.0
5448,8.0
5449,20.0
5450,13.0
5451,2.0
5452,14.0
5453,1.0
5454,11.0
5455,1.0
5456,8.0
5457,3.0
5458,3.0
5459,13.0
5460,6.0
5461,2.0
5462,1.0
5463,43.0
5464,11.0
5465,8.0
5466,2.0
5467,10.0
5468,1.0
5469,6.0
5470,9.0
5471,1.0
5472,1.0
5473,11.0
5474,13.0
5475,1.0
5476,1.0
5477,5.0
5478,3.0
5479,13.0
5480,9.0
5481,1.0
5482,16.0
5483,4.0
5484,3.0
5485,1.0
5486,2.0
5487,16.0
5488,15.0
5489,14.0
5490,2.0
5491,9.0
5492,10.0
5493,6.0
5494,2.0
5495,1.0
5496,1.0
5497,4.0
5498,1.0
5499,17.0
5500,8.0
5501,13.0
5502,9.0
5503,13.0
5504,3.0
5505,1.0
5506,1.0
5507,7.0
5508,5.0
5509,6.0
5510,8.0
5511,9.0
5512,13.0
5513,1.0
5514,1.0
5515,6.0
5516,10.0
5517,9.0
5518,10.0
5519,3.0
5520,7.0
5521,3.0
5522,100.0
5523,4.0
5524,9.0
5525,9.0
5526,1.0
5527,4.0
5528,2.0
5529,3.0
5530,23.0
5531,11.0
5532,10.0
5533,4.0
5534,9.0
5535,13.0
5536,7.0
5537,4.0
5538,8.0
5539,7.0
5540,9.0
5541,16.0
5542,9.0
5543,3.0
5544,9.0
5545,13.0
5546,4.0
5547,7.0
5548,13.0
5549,1.0
5550,1.0
5551,3.0
5552,10.0
5553,1.0
5554,10.0
5555,2.0
5556,21.0
5557,6.0
5558,4.0
5559,33.0
5560,3.0
5561,9.0
5562,3.0
5563,8.0
5564,33.0
5565,7.0
5566,2.0
5567,10.0
5568,9.0
5569,13.0
5570,14.0
5571,4.0
5572,9.0
5573,4.0
5574,2.0
5575,6.0
5576,33.0
5577,9.0
5578,4.0
5579,9.0
5580,3.0
5581,13.0
5582,1.0
5583,3.0
5584,31.0
5585,7.0
5586,10.0
5587,3.0
5588,1.0
5589,8.0
5590,2.0
5591,17.0
5592,2.0
5593,4.0
5594,9.0
5595,2.0
5596,16.0
5597,4.0
5598,2.0
5599,11.0
5600,7.0
5601,1.0
5602,6.0
5603,41.0
5604,18.0
5605,10.0
5606,13.0
5607,9.0
5608,1.0
5609,4.0
5610,2.0
5611,9.0
5612,13.0
5613,3.0
5614,3.0
5615,2.0
5616,9.0
5617,2.0
5618,2.0
5619,9.0
5620,13.0
5621,4.0
5622,13.0
5623,12.0
5624,10.0
5625,4.0
5626,9.0
5627,11.0
5628,3.0
5629,13.0
5630,9.0
5631,3.0
5632,3.0
5633,17.0
5634,2.0
5635,2.0
5636,6.0
5637,2.0
5638,9.0
5639,9.0
5640,33.0
5641,13.0
5642,9.0
5643,3.0
5644,6.0
5645,9.0
5646,3.0
5647,3.0
5648,2.0
5649,14.0
5650,17.0
5651,7.0
5652,9.0
5653,16.0
5654,10.0
5655,9.0
5656,1.0
5657,3.0
5658,9.0
5659,4.0
5660,6.0
5661,6.0
5662,13.0
5663,13.0
5664,13.0
5665,6.0
5666,20.0
5667,11.0
5668,22.0
5669,4.0
5670,7.0
5671,9.0
5672,13.0
5673,6.0
5674,22.0
5675,9.0
5676,1.0
5677,8.0
5678,4.0
5679,17.0
5680,9.0
5681,8.0
5682,11.0
5683,9.0
5684,9.0
5685,26.0
5686,33.0
5687,12.0
5688,2.0
5689,9.0
5690,9.0
5691,9.0
5692,7.0
5693,43.0
5694,9.0
5695,3.0
5696,9.0
5697,3.0
5698,15.0
5699,1.0
5700,11.0
5701,10.0
5702,20.0
5703,1.0
5704,4.0
5705,2.0
5706,9.0
5707,9.0
5708,1.0
5709,15.0
5710,13.0
5711,9.0
5712,4.0
5713,31.0
5714,12.0
5715,2.0
5716,9.0
5717,4.0
5718,9.0
5719,7.0
5720,1.0
5721,2.0
5722,2.0
5723,4.0
5724,3.0
5725,2.0
5726,33.0
5727,1.0
5728,3.0
5729,18.0
5730,6.0
5731,8.0
5732,9.0
5733,2.0
5734,7.0
5735,8.0
5736,2.0
5737,6.0
5738,4.0
5739,4.0
5740,10.0
5741,10.0
5742,3.0
5743,10.0
5744,16.0
5745,9.0
5746,9.0
5747,1.0
5748,6.0
5749,3.0
5750,13.0
5751,7.0
5752,1.0
5753,2.0
5754,7.0
5755,3.0
5756,2.0
5757,2.0
5758,14.0
5759,3.0
5760,4.0
5761,4.0
5762,3.0
5763,1.0
5764,4.0
5765,6.0
5766,9.0
5767,2.0
5768,14.0
5769,9.0
5770,9.0
5771,9.0
5772,13.0
5773,4.0
5774,4.0
5775,9.0
5776,9.0
5777,14.0
5778,3.0
5779,10.0
5780,7.0
5781,1.0
5782,13.0
5783,9.0
5784,10.0
5785,1.0
5786,8.0
5787,3.0
5788,2.0
5789,9.0
5790,9.0
5791,13.0
5792,3.0
5793,4.0
5794,3.0
5795,24.0
5796,4.0
5797,20.0
5798,2.0
5799,2.0
5800,5.0
5801,6.0
5802,6.0
5803,1.0
5804,6.0
5805,41.0
5806,1.0
5807,3.0
5808,31.0
5809,8.0
5810,2.0
5811,5.0
5812,10.0
5813,7.0
5814,10.0
5815,2.0
5816,14.0
5817,9.0
5818,6.0
5819,9.0
5820,2.0
5821,1.0
5822,1.0
5823,8.0
5824,3.0
5825,2.0
5826,8.0
5827,4.0
5828,17.0
5829,6.0
5830,3.0
5831,2.0
5832,17.0
5833,3.0
5834,9.0
5835,1.0
5836,5.0
5837,15.0
5838,4.0
5839,4.0
5840,2.0
5841,2.0
5842,4.0
5843,4.0
5844,15.0
5845,9.0
5846,3.0
5847,10.0
5848,2.0
5849,9.0
5850,7.0
5851,1.0
5852,2.0
5853,9.0
5854,4.0
5855,13.0
5856,9.0
5857,9.0
5858,8.0
5859,9.0
5860,13.0
5861,4.0
5862,4.0
5863,8.0
5864,13.0
5865,13.0
5866,1.0
5867,3.0
5868,14.0
5869,4.0
5870,1.0
5871,15.0
5872,7.0
5873,10.0
5874,3.0
5875,9.0
5876,6.0
5877,1.0
5878,8.0
5879,2.0
5880,1.0
5881,11.0
5882,4.0
5883,27.0
5884,15.0
5885,10.0
5886,31.0
5887,3.0
5888,9.0
5889,9.0
5890,18.0
5891,13.0
5892,10.0
5893,15.0
5894,7.0
5895,1.0
5896,2.0
5897,9.0
5898,4.0
5899,3.0
5900,9.0
5901,3.0
5902,2.0
5903,1.0
5904,2.0
5905,3.0
5906,9.0
5907,4.0
5908,7.0
5909,6.0
5910,2.0
5911,2.0
5912,3.0
5913,1.0
5914,17.0
5915,10.0
5916,4.0
5917,9.0
5918,9.0
5919,3.0
5920,33.0
5921,3.0
5922,2.0
5923,2.0
5924,9.0
5925,7.0
5926,11.0
5927,6.0
5928,3.0
5929,15.0
5930,3.0
5931,1.0
5932,3.0
5933,9.0
5934,8.0
5935,3.0
5936,22.0
5937,10.0
5938,2.0
5939,9.0
5940,1.0
5941,9.0
5942,9.0
5943,3.0
5944,10.0
5945,7.0
5946,33.0
5947,3.0
5948,33.0
5949,9.0
5950,2.0
5951,31.0
5952,2.0
5953,8.0
5954,3.0
5955,2.0
5956,8.0
5957,12.0
5958,16.0
5959,6.0
5960,1.0
5961,3.0
5962,9.0
5963,1.0
5964,9.0
5965,4.0
5966,9.0
5967,9.0
5968,3.0
5969,14.0
5970,19.0
5971,9.0
5972,2.0
5973,12.0
5974,13.0
5975,21.0
5976,9.0
5977,9.0
5978,3.0
5979,9.0
5980,9.0
5981,9.0
5982,9.0
5983,43.0
5984,6.0
5985,1.0
5986,9.0
5987,6.0
5988,9.0
5989,2.0
5990,9.0
5991,12.0
5992,4.0
5993,1.0
5994,2.0
5995,17.0
5996,7.0
5997,1.0
5998,2.0
5999,1.0
6000,2.0
6001,9.0
6002,3.0
6003,8.0
6004,9.0
6005,4.0
6006,7.0
6007,2.0
6008,2.0
6009,2.0
6010,4.0
6011,13.0
6012,12.0
6013,2.0
6014,4.0
6015,13.0
6016,7.0
6017,5.0
6018,9.0
6019,8.0
6020,4.0
6021,9.0
6022,3.0
6023,9.0
6024,2.0
6025,4.0
6026,15.0
6027,9.0
6028,25.0
6029,5.0
6030,4.0
6031,4.0
6032,3.0
6033,4.0
6034,9.0
6035,10.0
6036,100.0
6037,11.0
6038,2.0
6039,12.0
6040,4.0
6041,1.0
6042,10.0
6043,4.0
6044,4.0
6045,2.0
6046,3.0
6047,4.0
6048,12.0
6049,4.0
6050,6.0
6051,15.0
6052,1.0
6053,6.0
6054,1.0
6055,7.0
6056,9.0
6057,8.0
6058,6.0
6059,3.0
6060,2.0
6061,2.0
6062,2.0
6063,13.0
6064,1.0
6065,10.0
6066,3.0
6067,2.0
6068,3.0
6069,3.0
6070,39.0
6071,2.0
6072,2.0
6073,8.0
6074,6.0
6075,2.0
6076,25.0
6077,6.0
6078,4.0
6079,2.0
6080,9.0
6081,9.0
6082,9.0
6083,4.0
6084,9.0
6085,8.0
6086,8.0
6087,11.0
6088,22.0
6089,4.0
6090,9.0
6091,17.0
6092,17.0
6093,21.0
6094,3.0
6095,11.0
6096,8.0
6097,1.0
6098,3.0
6099,1.0
6100,2.0
6101,13.0
6102,7.0
6103,3.0
6104,15.0
6105,2.0
6106,6.0
6107,3.0
6108,5.0
6109,100.0
6110,14.0
6111,9.0
6112,15.0
6113,3.0
6114,9.0
6115,2.0
6116,4.0
6117,3.0
6118,4.0
6119,5.0
6120,1.0
6121,4.0
6122,39.0
6123,3.0
6124,2.0
6125,3.0
6126,10.0
6127,9.0
6128,8.0
6129,10.0
6130,13.0
6131,6.0
6132,8.0
6133,12.0
6134,11.0
6135,6.0
6136,3.0
6137,3.0
6138,8.0
6139,3.0
6140,13.0
6141,3.0
6142,10.0
6143,3.0
6144,9.0
6145,25.0
6146,1.0
6147,17.0
6148,9.0
6149,9.0
6150,13.0
6151,3.0
6152,1.0
6153,3.0
6154,6.0
6155,16.0
6156,4.0
6157,7.0
6158,16.0
6159,4.0
6160,9.0
6161,5.0
6162,1.0
6163,13.0
6164,7.0
6165,1.0
6166,2.0
6167,2.0
6168,1.0
6169,9.0
6170,21.0
6171,16.0
6172,4.0
6173,2.0
6174,3.0
6175,1.0
6176,3.0
6177,6.0
6178,11.0
6179,9.0
6180,2.0
6181,9.0
6182,7.0
6183,1.0
6184,31.0
6185,9.0
6186,1.0
6187,1.0
6188,4.0
6189,10.0
6190,9.0
6191,10.0
6192,1.0
6193,33.0
6194,7.0
6195,13.0
6196,9.0
6197,9.0
6198,3.0
6199,5.0
6200,2.0
6201,9.0
6202,9.0
6203,9.0
6204,1.0
6205,6.0
6206,3.0
6207,13.0
6208,15.0
6209,4.0
6210,100.0
6211,4.0
6212,4.0
6213,37.0
6214,7.0
6215,9.0
6216,12.0
6217,3.0
6218,9.0
6219,3.0
6220,5.0
6221,7.0
6222,13.0
6223,1.0
6224,2.0
6225,1.0
6226,9.0
6227,15.0
6228,8.0
6229,9.0
6230,8.0
6231,3.0
6232,5.0
6233,13.0
6234,1.0
6235,13.0
6236,4.0
6237,9.0
6238,16.0
6239,2.0
6240,4.0
6241,1.0
6242,28.0
6243,9.0
6244,9.0
6245,13.0
6246,1.0
6247,9.0
6248,3.0
6249,1.0
6250,11.0
6251,3.0
6252,3.0
6253,8.0
6254,9.0
6255,3.0
6256,3.0
6257,3.0
6258,10.0
6259,4.0
6260,2.0
6261,9.0
6262,15.0
6263,9.0
6264,13.0
6265,7.0
6266,9.0
6267,12.0
6268,4.0
6269,5.0
6270,7.0
6271,3.0
6272,17.0
6273,7.0
6274,13.0
6275,13.0
6276,13.0
6277,10.0
6278,9.0
6279,15.0
6280,9.0
6281,8.0
6282,9.0
6283,31.0
6284,3.0
6285,13.0
6286,10.0
6287,13.0
6288,15.0
6289,9.0
6290,6.0
6291,6.0
6292,3.0
6293,9.0
6294,3.0
6295,6.0
6296,9.0
6297,9.0
6298,2.0
6299,1.0
6300,10.0
6301,13.0
6302,9.0
6303,3.0
6304,4.0
6305,14.0
6306,1.0
6307,6.0
6308,9.0
6309,2.0
6310,4.0
6311,9.0
6312,1.0
6313,9.0
6314,3.0
6315,3.0
6316,2.0
6317,9.0
6318,6.0
6319,4.0
6320,8.0
6321,7.0
6322,16.0
6323,4.0
6324,1.0
6325,3.0
6326,20.0
6327,7.0
6328,2.0
6329,5.0
6330,4.0
6331,2.0
6332,3.0
6333,4.0
6334,1.0
6335,3.0
6336,6.0
6337,2.0
6338,9.0
6339,9.0
6340,13.0
6341,6.0
6342,4.0
6343,4.0
6344,5.0
6345,6.0
6346,9.0
6347,15.0
6348,15.0
6349,2.0
6350,15.0
6351,13.0
6352,12.0
6353,13.0
6354,7.0
6355,13.0
6356,9.0
6357,1.0
6358,10.0
6359,3.0
6360,8.0
6361,11.0
6362,11.0
6363,9.0
6364,9.0
6365,2.0
6366,9.0
6367,8.0
6368,9.0
6369,3.0
6370,1.0
6371,15.0
6372,9.0
6373,2.0
6374,3.0
6375,8.0
6376,5.0
6377,7.0
6378,9.0
6379,3.0
6380,9.0
6381,11.0
6382,6.0
6383,1.0
6384,9.0
6385,9.0
6386,7.0
6387,1.0
6388,16.0
6389,3.0
6390,18.0
6391,3.0
6392,1.0
6393,9.0
6394,4.0
6395,4.0
6396,2.0
6397,1.0
6398,9.0
6399,1.0
6400,2.0
6401,16.0
6402,10.0
6403,1.0
6404,9.0
6405,6.0
6406,9.0
6407,2.0
6408,3.0
6409,14.0
6410,16.0
6411,6.0
6412,9.0
6413,4.0
6414,2.0
6415,9.0
6416,8.0
6417,6.0
6418,54.0
6419,13.0
6420,2.0
6421,25.0
6422,1.0
6423,20.0
6424,3.0
6425,9.0
6426,1.0
6427,2.0
6428,4.0
6429,3.0
6430,1.0
6431,3.0
6432,16.0
6433,3.0
6434,4.0
6435,15.0
6436,9.0
6437,9.0
6438,25.0
6439,13.0
6440,9.0
6441,2.0
6442,12.0
6443,2.0
6444,3.0
6445,9.0
6446,9.0
6447,1.0
6448,9.0
6449,13.0
6450,9.0
6451,11.0
6452,24.0
6453,9.0
6454,12.0
6455,10.0
6456,3.0
6457,9.0
6458,2.0
6459,3.0
6460,14.0
6461,2.0
6462,5.0
6463,4.0
6464,9.0
6465,3.0
6466,9.0
6467,9.0
6468,41.0
6469,15.0
6470,9.0
6471,1.0
6472,10.0
6473,1.0
6474,3.0
6475,13.0
6476,2.0
6477,9.0
6478,12.0
6479,4.0
6480,4.0
6481,1.0
6482,7.0
6483,4.0
6484,1.0
6485,6.0
6486,4.0
6487,6.0
6488,3.0
6489,11.0
6490,1.0
6491,7.0
6492,5.0
6493,3.0
6494,3.0
6495,9.0
6496,10.0
6497,3.0
6498,3.0
6499,16.0
6500,6.0
6501,3.0
6502,4.0
6503,11.0
6504,1.0
6505,1.0
6506,9.0
6507,1.0
6508,1.0
6509,3.0
6510,13.0
6511,1.0
6512,3.0
6513,3.0
6514,15.0
6515,7.0
6516,11.0
6517,1.0
6518,2.0
6519,3.0
6520,5.0
6521,1.0
6522,9.0
6523,3.0
6524,4.0
6525,2.0
6526,7.0
6527,11.0
6528,11.0
6529,9.0
6530,9.0
6531,2.0
6532,6.0
6533,6.0
6534,2.0
6535,1.0
6536,3.0
6537,1.0
6538,5.0
6539,9.0
6540,1.0
6541,7.0
6542,4.0
6543,9.0
6544,3.0
6545,7.0
6546,1.0
6547,9.0
6548,2.0
6549,2.0
6550,1.0
6551,1.0
6552,10.0
6553,10.0
6554,1.0
6555,3.0
6556,9.0
6557,3.0
6558,9.0
6559,9.0
6560,5.0
6561,10.0
6562,9.0
6563,5.0
6564,1.0
6565,1.0
6566,3.0
6567,14.0
6568,9.0
6569,13.0
6570,9.0
6571,20.0
6572,25.0
6573,7.0
6574,8.0
6575,2.0
6576,1.0
6577,3.0
6578,2.0
6579,1.0
6580,3.0
6581,13.0
6582,12.0
6583,13.0
6584,4.0
6585,9.0
6586,3.0
6587,11.0
6588,23.0
6589,1.0
6590,10.0
6591,2.0
6592,13.0
6593,3.0
6594,6.0
6595,8.0
6596,4.0
6597,12.0
6598,9.0
6599,10.0
6600,25.0
6601,9.0
6602,9.0
6603,9.0
6604,9.0
6605,6.0
6606,1.0
6607,9.0
6608,2.0
6609,1.0
6610,3.0
6611,1.0
6612,7.0
6613,13.0
6614,6.0
6615,9.0
6616,2.0
6617,1.0
6618,2.0
6619,7.0
6620,16.0
6621,9.0
6622,9.0
6623,9.0
6624,9.0
6625,5.0
6626,2.0
6627,41.0
6628,15.0
6629,9.0
6630,9.0
6631,4.0
6632,2.0
6633,2.0
6634,1.0
6635,2.0
6636,3.0
6637,17.0
6638,14.0
6639,3.0
6640,9.0
6641,1.0
6642,3.0
6643,9.0
6644,3.0
6645,22.0
6646,3.0
6647,9.0
6648,9.0
6649,1.0
6650,6.0
6651,2.0
6652,9.0
6653,7.0
6654,13.0
6655,12.0
6656,33.0
6657,3.0
6658,6.0
6659,2.0
6660,1.0
6661,10.0
6662,14.0
6663,9.0
6664,3.0
6665,17.0
6666,4.0
6667,15.0
6668,9.0
6669,2.0
6670,9.0
6671,13.0
6672,2.0
6673,6.0
6674,3.0
6675,4.0
6676,4.0
6677,6.0
6678,1.0
6679,3.0
6680,1.0
6681,3.0
6682,9.0
6683,3.0
6684,9.0
6685,9.0
6686,9.0
6687,3.0
6688,8.0
6689,3.0
6690,7.0
6691,5.0
6692,11.0
6693,2.0
6694,2.0
6695,1.0
6696,8.0
6697,9.0
6698,9.0
6699,4.0
6700,13.0
6701,4.0
6702,6.0
6703,2.0
6704,11.0
6705,16.0
6706,17.0
6707,9.0
6708,1.0
6709,9.0
6710,9.0
6711,1.0
6712,7.0
6713,13.0
6714,12.0
6715,9.0
6716,8.0
6717,4.0
6718,14.0
6719,4.0
6720,13.0
6721,1.0
6722,4.0
6723,2.0
6724,7.0
6725,10.0
6726,14.0
6727,10.0
6728,11.0
6729,4.0
6730,8.0
6731,1.0
6732,2.0
6733,3.0
6734,10.0
6735,1.0
6736,2.0
6737,9.0
6738,11.0
6739,3.0
6740,3.0
6741,22.0
6742,14.0
6743,9.0
6744,9.0
6745,10.0
6746,12.0
6747,2.0
6748,2.0
6749,6.0
6750,9.0
6751,13.0
6752,1.0
6753,9.0
6754,13.0
6755,15.0
6756,7.0
6757,1.0
6758,25.0
6759,34.0
6760,1.0
6761,9.0
6762,2.0
6763,4.0
6764,1.0
6765,6.0
6766,1.0
6767,17.0
6768,16.0
6769,4.0
6770,3.0
6771,4.0
6772,3.0
6773,10.0
6774,1.0
6775,1.0
6776,10.0
6777,3.0
6778,6.0
6779,9.0
6780,9.0
6781,1.0
6782,3.0
6783,1.0
6784,6.0
6785,9.0
6786,9.0
6787,54.0
6788,9.0
6789,9.0
6790,14.0
6791,8.0
6792,8.0
6793,8.0
6794,4.0
6795,12.0
6796,9.0
6797,13.0
6798,5.0
6799,9.0
6800,9.0
6801,9.0
6802,9.0
6803,2.0
6804,7.0
6805,9.0
6806,3.0
6807,10.0
6808,15.0
6809,2.0
6810,1.0
6811,2.0
6812,13.0
6813,2.0
6814,15.0
6815,1.0
6816,9.0
6817,3.0
6818,11.0
6819,17.0
6820,1.0
6821,13.0
6822,9.0
6823,2.0
6824,7.0
6825,3.0
6826,16.0
6827,6.0
6828,3.0
6829,12.0
6830,1.0
6831,7.0
6832,9.0
6833,1.0
6834,8.0
6835,13.0
6836,9.0
6837,1.0
6838,9.0
6839,2.0
6840,4.0
6841,6.0
6842,6.0
6843,16.0
6844,4.0
6845,3.0
6846,13.0
6847,3.0
6848,1.0
6849,1.0
6850,1.0
6851,3.0
6852,3.0
6853,1.0
6854,6.0
6855,18.0
6856,9.0
6857,9.0
6858,7.0
6859,7.0
6860,8.0
6861,9.0
6862,9.0
6863,1.0
6864,9.0
6865,1.0
6866,6.0
6867,7.0
6868,4.0
6869,16.0
6870,12.0
6871,3.0
6872,3.0
6873,6.0
6874,5.0
6875,9.0
6876,3.0
6877,13.0
6878,15.0
6879,4.0
6880,10.0
6881,3.0
6882,3.0
6883,6.0
6884,10.0
6885,2.0
6886,2.0
6887,1.0
6888,7.0
6889,6.0
6890,9.0
6891,9.0
6892,5.0
6893,2.0
6894,13.0
6895,13.0
6896,9.0
6897,3.0
6898,23.0
6899,9.0
6900,7.0
6901,9.0
6902,15.0
6903,3.0
6904,7.0
6905,9.0
6906,9.0
6907,1.0
6908,39.0
6909,1.0
6910,1.0
6911,8.0
6912,4.0
6913,7.0
6914,2.0
6915,3.0
6916,6.0
6917,13.0
6918,3.0
6919,9.0
6920,13.0
6921,3.0
6922,1.0
6923,2.0
6924,3.0
6925,4.0
6926,8.0
6927,8.0
6928,15.0
6929,4.0
6930,2.0
6931,2.0
6932,9.0
6933,9.0
6934,3.0
6935,7.0
6936,11.0
6937,9.0
6938,4.0
6939,2.0
6940,13.0
6941,8.0
6942,7.0
6943,8.0
6944,21.0
6945,10.0
6946,9.0
6947,9.0
6948,2.0
6949,3.0
6950,1.0
6951,9.0
6952,4.0
6953,1.0
6954,1.0
6955,9.0
6956,5.0
6957,10.0
6958,1.0
6959,9.0
6960,28.0
6961,9.0
6962,9.0
6963,4.0
6964,2.0
6965,12.0
6966,21.0
6967,5.0
6968,6.0
6969,3.0
6970,9.0
6971,8.0
6972,7.0
6973,4.0
6974,13.0
6975,9.0
6976,1.0
6977,8.0
6978,2.0
6979,5.0
6980,3.0
6981,6.0
6982,3.0
6983,1.0
6984,10.0
6985,7.0
6986,6.0
6987,7.0
6988,7.0
6989,20.0
6990,3.0
6991,1.0
6992,6.0
6993,9.0
6994,10.0
6995,4.0
6996,9.0
6997,9.0
6998,13.0
6999,9.0
7000,4.0
7001,1.0
7002,13.0
7003,1.0
7004,16.0
7005,3.0
7006,3.0
7007,3.0
7008,2.0
7009,6.0
7010,12.0
7011,3.0
7012,4.0
7013,4.0
7014,1.0
7015,2.0
7016,3.0
7017,1.0
7018,1.0
7019,11.0
7020,1.0
7021,10.0
7022,15.0
7023,3.0
7024,9.0
7025,9.0
7026,9.0
7027,17.0
7028,3.0
7029,1.0
7030,2.0
7031,10.0
7032,4.0
7033,3.0
7034,9.0
7035,11.0
7036,10.0
7037,16.0
7038,2.0
7039,21.0
7040,1.0
7041,6.0
7042,1.0
7043,9.0
7044,11.0
7045,3.0
7046,4.0
7047,9.0
7048,2.0
7049,1.0
7050,9.0
7051,28.0
7052,9.0
7053,9.0
7054,1.0
7055,9.0
7056,4.0
7057,4.0
7058,9.0
7059,2.0
7060,9.0
7061,10.0
7062,2.0
7063,14.0
7064,7.0
7065,33.0
7066,6.0
7067,9.0
7068,41.0
7069,1.0
7070,10.0
7071,12.0
7072,4.0
7073,2.0
7074,1.0
7075,9.0
7076,9.0
7077,3.0
7078,13.0
7079,4.0
7080,13.0
7081,9.0
7082,3.0
7083,9.0
7084,1.0
7085,5.0
7086,7.0
7087,3.0
7088,10.0
7089,8.0
7090,9.0
7091,2.0
7092,3.0
7093,4.0
7094,1.0
7095,8.0
7096,21.0
7097,1.0
7098,7.0
7099,9.0
7100,3.0
7101,1.0
7102,2.0
7103,9.0
7104,8.0
7105,10.0
7106,24.0
7107,13.0
7108,2.0
7109,3.0
7110,9.0
7111,3.0
7112,2.0
7113,1.0
7114,1.0
7115,13.0
7116,2.0
7117,9.0
7118,4.0
7119,12.0
7120,13.0
7121,2.0
7122,33.0
7123,3.0
7124,9.0
7125,8.0
7126,4.0
7127,4.0
7128,2.0
7129,13.0
7130,2.0
7131,7.0
7132,3.0
7133,13.0
7134,10.0
7135,3.0
7136,2.0
7137,1.0
7138,8.0
7139,10.0
7140,13.0
7141,16.0
7142,15.0
7143,25.0
7144,9.0
7145,3.0
7146,2.0
7147,1.0
7148,1.0
7149,1.0
7150,4.0
7151,2.0
7152,9.0
7153,9.0
7154,4.0
7155,8.0
7156,7.0
7157,5.0
7158,6.0
7159,6.0
7160,13.0
7161,1.0
7162,9.0
7163,1.0
7164,4.0
7165,1.0
7166,3.0
7167,11.0
7168,23.0
7169,7.0
7170,6.0
7171,2.0
7172,13.0
7173,9.0
7174,2.0
7175,1.0
7176,2.0
7177,6.0
7178,1.0
7179,9.0
7180,1.0
7181,9.0
7182,2.0
7183,4.0
7184,7.0
7185,1.0
7186,5.0
7187,9.0
7188,2.0
7189,11.0
7190,4.0
7191,9.0
7192,13.0
7193,9.0
7194,3.0
7195,3.0
7196,3.0
7197,2.0
7198,2.0
7199,11.0
7200,5.0
7201,9.0
7202,13.0
7203,3.0
7204,9.0
7205,15.0
7206,9.0
7207,10.0
7208,12.0
7209,25.0
7210,4.0
7211,4.0
7212,2.0
7213,3.0
7214,1.0
7215,16.0
7216,4.0
7217,6.0
7218,10.0
7219,5.0
7220,3.0
7221,3.0
7222,3.0
7223,9.0
7224,2.0
7225,4.0
7226,13.0
7227,2.0
7228,8.0
7229,9.0
7230,1.0
7231,12.0
7232,1.0
7233,7.0
7234,3.0
7235,10.0
7236,9.0
7237,3.0
7238,1.0
7239,3.0
7240,2.0
7241,2.0
7242,10.0
7243,4.0
7244,13.0
7245,1.0
7246,9.0
7247,12.0
7248,11.0
7249,9.0
7250,9.0
7251,4.0
7252,3.0
7253,2.0
7254,6.0
7255,3.0
7256,16.0
7257,1.0
7258,4.0
7259,1.0
7260,4.0
7261,4.0
7262,8.0
7263,9.0
7264,15.0
7265,2.0
7266,6.0
7267,5.0
7268,10.0
7269,2.0
7270,7.0
7271,9.0
7272,4.0
7273,4.0
7274,17.0
7275,3.0
7276,2.0
7277,11.0
7278,14.0
7279,2.0
7280,16.0
7281,1.0
7282,41.0
7283,9.0
7284,10.0
7285,5.0
7286,7.0
7287,3.0
7288,6.0
7289,9.0
7290,2.0
7291,2.0
7292,2.0
7293,16.0
7294,9.0
7295,3.0
7296,1.0
7297,13.0
7298,9.0
7299,16.0
7300,11.0
7301,3.0
7302,8.0
7303,9.0
7304,3.0
7305,6.0
7306,9.0
7307,9.0
7308,1.0
7309,2.0
7310,4.0
7311,15.0
7312,3.0
7313,9.0
7314,8.0
7315,7.0
7316,11.0
7317,4.0
7318,29.0
7319,9.0
7320,4.0
7321,6.0
7322,14.0
7323,25.0
7324,3.0
7325,6.0
7326,9.0
7327,1.0
7328,9.0
7329,9.0
7330,9.0
7331,9.0
7332,15.0
7333,10.0
7334,8.0
7335,9.0
7336,31.0
7337,2.0
7338,2.0
7339,9.0
7340,2.0
7341,9.0
7342,14.0
7343,16.0
7344,9.0
7345,2.0
7346,9.0
7347,9.0
7348,3.0
7349,8.0
7350,13.0
7351,3.0
7352,11.0
7353,6.0
7354,15.0
7355,3.0
7356,3.0
7357,14.0
7358,1.0
7359,33.0
7360,14.0
7361,1.0
7362,9.0
7363,3.0
7364,11.0
7365,2.0
7366,21.0
7367,4.0
7368,1.0
7369,13.0
7370,6.0
7371,5.0
7372,3.0
7373,3.0
7374,10.0
7375,2.0
7376,9.0
7377,2.0
7378,9.0
7379,2.0
7380,9.0
7381,3.0
7382,9.0
7383,1.0
7384,13.0
7385,14.0
7386,1.0
7387,4.0
7388,1.0
7389,10.0
7390,2.0
7391,3.0
7392,7.0
7393,15.0
7394,15.0
7395,5.0
7396,6.0
7397,1.0
7398,9.0
7399,4.0
7400,4.0
7401,4.0
7402,9.0
7403,1.0
7404,31.0
7405,3.0
7406,1.0
7407,1.0
7408,1.0
7409,2.0
7410,8.0
7411,3.0
7412,13.0
7413,3.0
7414,7.0
7415,2.0
7416,1.0
7417,11.0
7418,7.0
7419,2.0
7420,9.0
7421,9.0
7422,9.0
7423,7.0
7424,2.0
7425,9.0
7426,9.0
7427,11.0
7428,6.0
7429,16.0
7430,10.0
7431,3.0
7432,2.0
7433,9.0
7434,25.0
7435,6.0
7436,3.0
7437,11.0
7438,3.0
7439,5.0
7440,9.0
7441,3.0
7442,13.0
7443,3.0
7444,6.0
7445,15.0
7446,1.0
7447,20.0
7448,2.0
7449,14.0
7450,5.0
7451,29.0
7452,9.0
7453,6.0
7454,2.0
7455,1.0
7456,7.0
7457,9.0
7458,10.0
7459,21.0
7460,6.0
7461,33.0
7462,11.0
7463,1.0
7464,13.0
7465,8.0
7466,9.0
7467,9.0
7468,5.0
7469,9.0
7470,1.0
7471,10.0
7472,9.0
7473,4.0
7474,1.0
7475,1.0
7476,13.0
7477,1.0
7478,9.0
7479,3.0
7480,8.0
7481,9.0
7482,7.0
7483,10.0
7484,3.0
7485,3.0
7486,13.0
7487,1.0
7488,17.0
7489,9.0
7490,6.0
7491,13.0
7492,9.0
7493,1.0
7494,9.0
7495,3.0
7496,1.0
7497,11.0
7498,1.0
7499,3.0
7500,10.0
7501,3.0
7502,8.0
7503,4.0
7504,2.0
7505,2.0
7506,3.0
7507,14.0
7508,6.0
7509,4.0
7510,4.0
7511,9.0
7512,22.0
7513,3.0
7514,10.0
7515,3.0
7516,4.0
7517,10.0
7518,4.0
7519,13.0
7520,4.0
7521,6.0
7522,9.0
7523,1.0
7524,4.0
7525,7.0
7526,1.0
7527,9.0
7528,14.0
7529,1.0
7530,15.0
7531,2.0
7532,3.0
7533,9.0
7534,10.0
7535,1.0
7536,2.0
7537,9.0
7538,4.0
7539,1.0
7540,5.0
7541,3.0
7542,13.0
7543,7.0
7544,11.0
7545,2.0
7546,3.0
7547,8.0
7548,16.0
7549,15.0
7550,1.0
7551,9.0
7552,1.0
7553,8.0
7554,10.0
7555,2.0
7556,9.0
7557,1.0
7558,3.0
7559,17.0
7560,4.0
7561,4.0
7562,3.0
7563,2.0
7564,11.0
7565,17.0
7566,4.0
7567,13.0
7568,1.0
7569,33.0
7570,4.0
7571,9.0
7572,1.0
7573,1.0
7574,20.0
7575,9.0
7576,9.0
7577,1.0
7578,4.0
7579,1.0
7580,9.0
7581,14.0
7582,2.0
7583,15.0
7584,9.0
7585,9.0
7586,6.0
7587,4.0
7588,11.0
7589,9.0
7590,13.0
7591,13.0
7592,21.0
7593,7.0
7594,13.0
7595,13.0
7596,3.0
7597,9.0
7598,13.0
7599,13.0
7600,6.0
7601,4.0
7602,3.0
7603,8.0
7604,9.0
7605,6.0
7606,10.0
7607,10.0
7608,15.0
7609,9.0
7610,9.0
7611,2.0
7612,1.0
7613,10.0
7614,10.0
7615,9.0
7616,10.0
7617,26.0
7618,1.0
7619,9.0
7620,6.0
7621,6.0
7622,3.0
7623,6.0
7624,9.0
7625,14.0
7626,9.0
7627,3.0
7628,15.0
7629,9.0
7630,13.0
7631,4.0
7632,15.0
7633,1.0
7634,10.0
7635,1.0
7636,9.0
7637,9.0
7638,13.0
7639,9.0
7640,4.0
7641,13.0
7642,17.0
7643,9.0
7644,7.0
7645,8.0
7646,11.0
7647,1.0
7648,7.0
7649,13.0
7650,1.0
7651,5.0
7652,3.0
7653,2.0
7654,10.0
7655,9.0
7656,5.0
7657,10.0
7658,3.0
7659,11.0
7660,1.0
7661,14.0
7662,2.0
7663,23.0
7664,1.0
7665,2.0
7666,6.0
7667,3.0
7668,4.0
7669,8.0
7670,2.0
7671,16.0
7672,6.0
7673,9.0
7674,3.0
7675,21.0
7676,9.0
7677,2.0
7678,10.0
7679,9.0
7680,2.0
7681,2.0
7682,9.0
7683,1.0
7684,4.0
7685,2.0
7686,11.0
7687,1.0
7688,13.0
7689,2.0
7690,13.0
7691,6.0
7692,7.0
7693,27.0
7694,1.0
7695,2.0
7696,7.0
7697,17.0
7698,2.0
7699,9.0
7700,17.0
7701,13.0
7702,1.0
7703,21.0
7704,11.0
7705,4.0
7706,10.0
7707,9.0
7708,2.0
7709,2.0
7710,13.0
7711,13.0
7712,13.0
7713,6.0
7714,2.0
7715,9.0
7716,10.0
7717,13.0
7718,13.0
7719,2.0
7720,1.0
7721,27.0
7722,4.0
7723,4.0
7724,6.0
7725,9.0
7726,4.0
7727,16.0
7728,4.0
7729,25.0
7730,10.0
7731,1.0
7732,4.0
7733,2.0
7734,9.0
7735,15.0
7736,4.0
7737,2.0
7738,1.0
7739,3.0
7740,2.0
7741,2.0
7742,17.0
7743,17.0
7744,2.0
7745,1.0
7746,13.0
7747,1.0
7748,1.0
7749,9.0
7750,3.0
7751,4.0
7752,2.0
7753,1.0
7754,3.0
7755,4.0
7756,15.0
7757,2.0
7758,13.0
7759,13.0
7760,9.0
7761,9.0
7762,4.0
7763,14.0
7764,1.0
7765,16.0
7766,9.0
7767,13.0
7768,9.0
7769,3.0
7770,11.0
7771,22.0
7772,14.0
7773,3.0
7774,8.0
7775,9.0
7776,15.0
7777,22.0
7778,3.0
7779,4.0
7780,1.0
7781,10.0
7782,1.0
7783,22.0
7784,7.0
7785,2.0
7786,4.0
7787,7.0
7788,2.0
7789,3.0
7790,7.0
7791,11.0
7792,9.0
7793,6.0
7794,25.0
7795,9.0
7796,7.0
7797,9.0
7798,3.0
7799,11.0
7800,1.0
7801,10.0
7802,9.0
7803,3.0
7804,2.0
7805,9.0
7806,16.0
7807,1.0
7808,9.0
7809,3.0
7810,2.0
7811,9.0
7812,3.0
7813,3.0
7814,21.0
7815,28.0
7816,11.0
7817,12.0
7818,9.0
7819,2.0
7820,9.0
7821,1.0
7822,1.0
7823,8.0
7824,11.0
7825,10.0
7826,3.0
7827,3.0
7828,4.0
7829,10.0
7830,9.0
7831,1.0
7832,9.0
7833,2.0
7834,20.0
7835,1.0
7836,5.0
7837,9.0
7838,6.0
7839,4.0
7840,3.0
7841,18.0
7842,11.0
7843,1.0
7844,6.0
7845,3.0
7846,9.0
7847,4.0
7848,3.0
7849,10.0
7850,25.0
7851,10.0
7852,1.0
7853,2.0
7854,3.0
7855,26.0
7856,2.0
7857,9.0
7858,3.0
7859,3.0
7860,10.0
7861,13.0
7862,6.0
7863,9.0
7864,3.0
7865,2.0
7866,19.0
7867,11.0
7868,7.0
7869,11.0
7870,9.0
7871,7.0
7872,12.0
7873,4.0
7874,14.0
7875,9.0
7876,16.0
7877,4.0
7878,1.0
7879,6.0
7880,3.0
7881,9.0
7882,1.0
7883,13.0
7884,3.0
7885,13.0
7886,3.0
7887,2.0
7888,9.0
7889,6.0
7890,1.0
7891,9.0
7892,9.0
7893,11.0
7894,8.0
7895,7.0
7896,7.0
7897,7.0
7898,6.0
7899,6.0
7900,7.0
7901,11.0
7902,9.0
7903,17.0
7904,11.0
7905,9.0
7906,8.0
7907,21.0
7908,4.0
7909,1.0
7910,14.0
7911,1.0
7912,11.0
7913,16.0
7914,1.0
7915,3.0
7916,2.0
7917,4.0
7918,1.0
7919,5.0
7920,9.0
7921,43.0
7922,14.0
7923,6.0
7924,8.0
7925,9.0
7926,29.0
7927,4.0
7928,17.0
7929,12.0
7930,9.0
7931,10.0
7932,11.0
7933,3.0
7934,13.0
7935,12.0
7936,12.0
7937,9.0
7938,1.0
7939,3.0
7940,5.0
7941,4.0
7942,4.0
7943,9.0
7944,4.0
7945,3.0
7946,1.0
7947,2.0
7948,1.0
7949,13.0
7950,12.0
7951,3.0
7952,18.0
7953,15.0
7954,13.0
7955,4.0
7956,9.0
7957,9.0
7958,6.0
7959,2.0
7960,13.0
7961,4.0
7962,11.0
7963,1.0
7964,10.0
7965,9.0
7966,2.0
7967,9.0
7968,9.0
7969,9.0
7970,11.0
7971,10.0
7972,4.0
7973,6.0
7974,8.0
7975,13.0
7976,13.0
7977,4.0
7978,9.0
7979,3.0
7980,9.0
7981,7.0
7982,13.0
7983,1.0
7984,4.0
7985,1.0
7986,12.0
7987,9.0
7988,2.0
7989,6.0
7990,33.0
7991,2.0
7992,10.0
7993,43.0
7994,3.0
7995,9.0
7996,5.0
7997,10.0
7998,9.0
7999,2.0
8000,12.0
8001,3.0
8002,19.0
8003,18.0
8004,7.0
8005,8.0
8006,10.0
8007,13.0
8008,4.0
8009,9.0
8010,6.0
8011,5.0
8012,4.0
8013,41.0
8014,7.0
8015,4.0
8016,1.0
8017,11.0
8018,5.0
8019,13.0
8020,4.0
8021,2.0
8022,2.0
8023,9.0
8024,4.0
8025,16.0
8026,4.0
8027,9.0
8028,31.0
8029,3.0
8030,1.0
8031,1.0
8032,3.0
8033,4.0
8034,15.0
8035,27.0
8036,3.0
8037,13.0
8038,9.0
8039,3.0
8040,9.0
8041,2.0
8042,27.0
8043,3.0
8044,3.0
8045,1.0
8046,22.0
8047,1.0
8048,3.0
8049,3.0
8050,3.0
8051,7.0
8052,12.0
8053,13.0
8054,12.0
8055,9.0
8056,15.0
8057,9.0
8058,11.0
8059,2.0
8060,13.0
8061,5.0
8062,7.0
8063,13.0
8064,9.0
8065,3.0
8066,13.0
8067,4.0
8068,4.0
8069,25.0
8070,25.0
8071,9.0
8072,2.0
8073,3.0
8074,9.0
8075,1.0
8076,3.0
8077,4.0
8078,1.0
8079,3.0
8080,5.0
8081,11.0
8082,9.0
8083,1.0
8084,6.0
8085,5.0
8086,9.0
8087,16.0
8088,21.0
8089,4.0
8090,11.0
8091,9.0
8092,15.0
8093,1.0
8094,13.0
8095,10.0
8096,9.0
8097,6.0
8098,3.0
8099,6.0
8100,8.0
8101,9.0
8102,3.0
8103,17.0
8104,11.0
8105,2.0
8106,1.0
8107,4.0
8108,4.0
8109,1.0
8110,6.0
8111,13.0
8112,6.0
8113,25.0
8114,2.0
8115,7.0
8116,1.0
8117,3.0
8118,10.0
8119,8.0
8120,2.0
8121,2.0
8122,6.0
8123,6.0
8124,6.0
8125,1.0
8126,4.0
8127,10.0
8128,4.0
8129,7.0
8130,3.0
8131,10.0
8132,5.0
8133,9.0
8134,3.0
8135,11.0
8136,1.0
8137,1.0
8138,9.0
8139,2.0
8140,4.0
8141,15.0
8142,1.0
8143,10.0
8144,6.0
8145,9.0
8146,2.0
8147,15.0
8148,1.0
8149,8.0
8150,10.0
8151,1.0
8152,3.0
8153,3.0
8154,9.0
8155,1.0
8156,11.0
8157,1.0
8158,2.0
8159,6.0
8160,9.0
8161,4.0
8162,3.0
8163,13.0
8164,17.0
8165,9.0
8166,9.0
8167,3.0
8168,6.0
8169,9.0
8170,9.0
8171,16.0
8172,3.0
8173,9.0
8174,9.0
8175,9.0
8176,2.0
8177,14.0
8178,15.0
8179,1.0
8180,11.0
8181,7.0
8182,1.0
8183,1.0
8184,1.0
8185,1.0
8186,9.0
8187,4.0
8188,7.0
8189,1.0
8190,9.0
8191,1.0
8192,4.0
8193,5.0
8194,17.0
8195,8.0
8196,13.0
8197,6.0
8198,12.0
8199,3.0
8200,10.0
8201,3.0
8202,3.0
8203,9.0
8204,1.0
8205,4.0
8206,2.0
8207,1.0
8208,2.0
8209,34.0
8210,10.0
8211,7.0
8212,8.0
8213,6.0
8214,2.0
8215,9.0
8216,1.0
8217,13.0
8218,9.0
8219,9.0
8220,22.0
8221,9.0
8222,13.0
8223,9.0
8224,13.0
8225,4.0
8226,6.0
8227,16.0
8228,2.0
8229,7.0
8230,9.0
8231,3.0
8232,1.0
8233,4.0
8234,9.0
8235,15.0
8236,4.0
8237,13.0
8238,20.0
8239,18.0
8240,2.0
8241,11.0
8242,10.0
8243,4.0
8244,7.0
8245,5.0
8246,9.0
8247,9.0
8248,11.0
8249,3.0
8250,12.0
8251,9.0
8252,13.0
8253,15.0
8254,1.0
8255,1.0
8256,23.0
8257,16.0
8258,9.0
8259,4.0
8260,1.0
8261,2.0
8262,7.0
8263,9.0
8264,8.0
8265,10.0
8266,13.0
8267,6.0
8268,3.0
8269,9.0
8270,2.0
8271,10.0
8272,2.0
8273,16.0
8274,4.0
8275,3.0
8276,1.0
8277,8.0
8278,27.0
8279,1.0
8280,1.0
8281,13.0
8282,8.0
8283,9.0
8284,10.0
8285,11.0
8286,4.0
8287,11.0
8288,4.0
8289,5.0
8290,4.0
8291,10.0
8292,4.0
8293,9.0
8294,9.0
8295,13.0
8296,13.0
8297,2.0
8298,8.0
8299,12.0
8300,9.0
8301,15.0
8302,2.0
8303,9.0
8304,13.0
8305,9.0
8306,6.0
8307,1.0
8308,3.0
8309,6.0
8310,4.0
8311,9.0
8312,9.0
8313,1.0
8314,3.0
8315,3.0
8316,6.0
8317,3.0
8318,9.0
8319,7.0
8320,9.0
8321,13.0
8322,1.0
8323,11.0
8324,6.0
8325,9.0
8326,3.0
8327,18.0
8328,3.0
8329,9.0
8330,9.0
8331,6.0
8332,7.0
8333,2.0
8334,16.0
8335,15.0
8336,13.0
8337,17.0
8338,13.0
8339,8.0
8340,2.0
8341,9.0
8342,6.0
8343,4.0
8344,43.0
8345,5.0
8346,1.0
8347,4.0
8348,1.0
8349,9.0
8350,10.0
8351,3.0
8352,9.0
8353,15.0
8354,11.0
8355,6.0
8356,10.0
8357,3.0
8358,9.0
8359,13.0
8360,4.0
8361,4.0
8362,9.0
8363,13.0
8364,9.0
8365,11.0
8366,2.0
8367,1.0
8368,6.0
8369,1.0
8370,5.0
8371,15.0
8372,5.0
8373,10.0
8374,1.0
8375,8.0
8376,2.0
8377,1.0
8378,3.0
8379,12.0
8380,6.0
8381,4.0
8382,9.0
8383,9.0
8384,14.0
8385,13.0
8386,2.0
8387,11.0
8388,15.0
8389,3.0
8390,13.0
8391,13.0
8392,4.0
8393,18.0
8394,20.0
8395,1.0
8396,9.0
8397,7.0
8398,13.0
8399,4.0
8400,3.0
8401,6.0
8402,5.0
8403,3.0
8404,4.0
8405,4.0
8406,27.0
8407,2.0
8408,9.0
8409,1.0
8410,7.0
8411,2.0
8412,9.0
8413,13.0
8414,13.0
8415,5.0
8416,4.0
8417,1.0
8418,13.0
8419,39.0
8420,3.0
8421,9.0
8422,10.0
8423,17.0
8424,13.0
8425,13.0
8426,9.0
8427,3.0
8428,20.0
8429,3.0
8430,3.0
8431,1.0
8432,1.0
8433,13.0
8434,14.0
8435,1.0
8436,1.0
8437,1.0
8438,16.0
8439,4.0
8440,2.0
8441,9.0
8442,9.0
8443,1.0
8444,9.0
8445,3.0
8446,4.0
8447,17.0
8448,8.0
8449,9.0
8450,2.0
8451,3.0
8452,4.0
8453,9.0
8454,1.0
8455,4.0
8456,17.0
8457,22.0
8458,10.0
8459,10.0
8460,4.0
8461,7.0
8462,9.0
8463,3.0
8464,4.0
8465,9.0
8466,13.0
8467,2.0
8468,6.0
8469,9.0
8470,16.0
8471,2.0
8472,9.0
8473,4.0
8474,8.0
8475,4.0
8476,5.0
8477,3.0
8478,3.0
8479,8.0
8480,1.0
8481,9.0
8482,9.0
8483,4.0
8484,15.0
8485,23.0
8486,9.0
8487,4.0
8488,21.0
8489,3.0
8490,3.0
8491,7.0
8492,2.0
8493,6.0
8494,10.0
8495,9.0
8496,9.0
8497,15.0
8498,12.0
8499,15.0
8500,7.0
8501,17.0
8502,6.0
8503,4.0
8504,3.0
8505,7.0
8506,1.0
8507,18.0
8508,6.0
8509,15.0
8510,8.0
8511,11.0
8512,7.0
8513,9.0
8514,5.0
8515,27.0
8516,10.0
8517,10.0
8518,3.0
8519,9.0
8520,3.0
8521,1.0
8522,4.0
8523,9.0
8524,15.0
8525,1.0
8526,1.0
8527,4.0
8528,8.0
8529,4.0
8530,6.0
8531,13.0
8532,9.0
8533,31.0
8534,1.0
8535,33.0
8536,4.0
8537,3.0
8538,6.0
8539,3.0
8540,13.0
8541,4.0
8542,2.0
8543,7.0
8544,15.0
8545,6.0
8546,1.0
8547,14.0
8548,12.0
8549,4.0
8550,4.0
8551,10.0
8552,3.0
8553,2.0
8554,1.0
8555,9.0
8556,10.0
8557,9.0
8558,9.0
8559,1.0
8560,6.0
8561,3.0
8562,4.0
8563,9.0
8564,13.0
8565,4.0
8566,1.0
8567,12.0
8568,21.0
8569,4.0
8570,7.0
8571,6.0
8572,9.0
8573,10.0
8574,7.0
8575,1.0
8576,5.0
8577,10.0
8578,2.0
8579,1.0
8580,1.0
8581,5.0
8582,47.0
8583,9.0
8584,4.0
8585,3.0
8586,14.0
8587,22.0
8588,21.0
8589,3.0
8590,15.0
8591,12.0
8592,2.0
8593,2.0
8594,1.0
8595,6.0
8596,9.0
8597,10.0
8598,4.0
8599,9.0
8600,2.0
8601,9.0
8602,3.0
8603,21.0
8604,3.0
8605,4.0
8606,16.0
8607,2.0
8608,9.0
8609,9.0
8610,9.0
8611,9.0
8612,8.0
8613,13.0
8614,7.0
8615,4.0
8616,9.0
8617,3.0
8618,9.0
8619,12.0
8620,2.0
8621,18.0
8622,100.0
8623,6.0
8624,1.0
8625,9.0
8626,8.0
8627,9.0
8628,3.0
8629,13.0
8630,9.0
8631,19.0
8632,15.0
8633,9.0
8634,16.0
8635,9.0
8636,1.0
8637,4.0
8638,100.0
8639,3.0
8640,9.0
8641,35.0
8642,9.0
8643,13.0
8644,1.0
8645,10.0
8646,12.0
8647,13.0
8648,9.0
8649,14.0
8650,2.0
8651,13.0
8652,4.0
8653,4.0
8654,12.0
8655,9.0
8656,3.0
8657,2.0
8658,9.0
8659,9.0
8660,9.0
8661,3.0
8662,1.0
8663,2.0
8664,2.0
8665,6.0
8666,43.0
8667,15.0
8668,4.0
8669,3.0
8670,100.0
8671,10.0
8672,3.0
8673,2.0
8674,1.0
8675,1.0
8676,6.0
8677,5.0
8678,5.0
8679,2.0
8680,3.0
8681,9.0
8682,16.0
8683,11.0
8684,6.0
8685,9.0
8686,3.0
8687,31.0
8688,11.0
8689,6.0
8690,6.0
8691,10.0
8692,3.0
8693,4.0
8694,9.0
8695,1.0
8696,17.0
8697,13.0
8698,1.0
8699,3.0
8700,4.0
8701,4.0
8702,7.0
8703,6.0
8704,4.0
8705,1.0
8706,3.0
8707,13.0
8708,6.0
8709,13.0
8710,13.0
8711,6.0
8712,22.0
8713,5.0
8714,4.0
8715,9.0
8716,8.0
8717,12.0
8718,14.0
8719,9.0
8720,8.0
8721,14.0
8722,9.0
8723,8.0
8724,10.0
8725,1.0
8726,12.0
8727,3.0
8728,9.0
8729,10.0
8730,9.0
8731,2.0
8732,4.0
8733,4.0
8734,3.0
8735,12.0
8736,9.0
8737,1.0
8738,3.0
8739,1.0
8740,8.0
8741,4.0
8742,22.0
8743,1.0
8744,2.0
8745,13.0
8746,13.0
8747,13.0
8748,12.0
8749,9.0
8750,9.0
8751,11.0
8752,6.0
8753,2.0
8754,4.0
8755,6.0
8756,8.0
8757,6.0
8758,12.0
8759,3.0
8760,3.0
8761,13.0
8762,9.0
8763,6.0
8764,3.0
8765,12.0
8766,13.0
8767,13.0
8768,3.0
8769,11.0
8770,4.0
8771,9.0
8772,6.0
8773,9.0
8774,13.0
8775,4.0
8776,4.0
8777,9.0
8778,2.0
8779,3.0
8780,6.0
8781,4.0
8782,9.0
8783,14.0
8784,3.0
8785,13.0
8786,6.0
8787,7.0
8788,6.0
8789,9.0
8790,2.0
8791,13.0
8792,1.0
8793,13.0
8794,9.0
8795,15.0
8796,9.0
8797,1.0
8798,33.0
8799,4.0
8800,16.0
8801,9.0
8802,16.0
8803,1.0
8804,8.0
8805,6.0
8806,14.0
8807,16.0
8808,11.0
8809,2.0
8810,10.0
8811,8.0
8812,7.0
8813,9.0
8814,16.0
8815,13.0
8816,13.0
8817,3.0
8818,9.0
8819,1.0
8820,6.0
8821,9.0
8822,4.0
8823,23.0
8824,13.0
8825,9.0
8826,2.0
8827,4.0
8828,9.0
8829,5.0
8830,12.0
8831,1.0
8832,34.0
8833,9.0
8834,4.0
8835,1.0
8836,4.0
8837,9.0
8838,16.0
8839,15.0
8840,6.0
8841,33.0
8842,2.0
8843,4.0
8844,9.0
8845,13.0
8846,1.0
8847,3.0
8848,1.0
8849,27.0
8850,14.0
8851,1.0
8852,9.0
8853,4.0
8854,7.0
8855,13.0
8856,8.0
8857,2.0
8858,8.0
8859,6.0
8860,2.0
8861,10.0
8862,13.0
8863,1.0
8864,7.0
8865,15.0
8866,3.0
8867,9.0
8868,9.0
8869,5.0
8870,2.0
8871,9.0
8872,9.0
8873,1.0
8874,3.0
8875,1.0
8876,9.0
8877,13.0
8878,3.0
8879,3.0
8880,1.0
8881,1.0
8882,3.0
8883,2.0
8884,3.0
8885,2.0
8886,9.0
8887,10.0
8888,6.0
8889,3.0
8890,9.0
8891,10.0
8892,9.0
8893,10.0
8894,2.0
8895,3.0
8896,13.0
8897,1.0
8898,17.0
8899,6.0
8900,3.0
8901,6.0
8902,19.0
8903,3.0
8904,2.0
8905,9.0
8906,2.0
8907,3.0
8908,13.0
8909,13.0
8910,9.0
8911,9.0
8912,3.0
8913,13.0
8914,1.0
8915,9.0
8916,6.0
8917,4.0
8918,10.0
8919,6.0
8920,14.0
8921,1.0
8922,9.0
8923,10.0
8924,7.0
8925,2.0
8926,1.0
8927,15.0
8928,6.0
8929,2.0
8930,13.0
8931,1.0
8932,2.0
8933,9.0
8934,16.0
8935,5.0
8936,33.0
8937,15.0
8938,13.0
8939,1.0
8940,4.0
8941,10.0
8942,1.0
8943,9.0
8944,2.0
8945,2.0
8946,15.0
8947,14.0
8948,1.0
8949,1.0
8950,13.0
8951,28.0
8952,3.0
8953,6.0
8954,1.0
8955,2.0
8956,1.0
8957,1.0
8958,2.0
8959,13.0
8960,21.0
8961,9.0
8962,9.0
8963,3.0
8964,14.0
8965,9.0
8966,8.0
8967,9.0
8968,6.0
8969,12.0
8970,4.0
8971,10.0
8972,4.0
8973,9.0
8974,4.0
8975,9.0
8976,3.0
8977,3.0
8978,6.0
8979,2.0
8980,13.0
8981,1.0
8982,13.0
8983,2.0
8984,4.0
8985,1.0
8986,9.0
8987,31.0
8988,4.0
8989,41.0
8990,7.0
8991,10.0
8992,9.0
8993,7.0
8994,11.0
8995,3.0
8996,1.0
8997,6.0
8998,12.0
8999,4.0
9000,6.0
9001,13.0
9002,1.0
9003,9.0
9004,11.0
9005,17.0
9006,3.0
9007,13.0
9008,2.0
9009,2.0
9010,9.0
9011,9.0
9012,3.0
9013,6.0
9014,7.0
9015,6.0
9016,27.0
9017,3.0
9018,9.0
9019,2.0
9020,11.0
9021,6.0
9022,4.0
9023,7.0
9024,1.0
9025,15.0
9026,13.0
9027,6.0
9028,6.0
9029,9.0
9030,1.0
9031,9.0
9032,7.0
9033,15.0
9034,1.0
9035,6.0
9036,9.0
9037,1.0
9038,3.0
9039,6.0
9040,9.0
9041,1.0
9042,4.0
9043,9.0
9044,3.0
9045,14.0
9046,34.0
9047,6.0
9048,4.0
9049,9.0
9050,14.0
9051,1.0
9052,43.0
9053,7.0
9054,10.0
9055,15.0
9056,14.0
9057,2.0
9058,9.0
9059,3.0
9060,15.0
9061,2.0
9062,4.0
9063,5.0
9064,12.0
9065,8.0
9066,9.0
9067,6.0
9068,2.0
9069,13.0
9070,11.0
9071,4.0
9072,11.0
9073,9.0
9074,21.0
9075,9.0
9076,1.0
9077,4.0
9078,10.0
9079,16.0
9080,7.0
9081,2.0
9082,3.0
9083,1.0
9084,10.0
9085,27.0
9086,17.0
9087,4.0
9088,13.0
9089,6.0
9090,1.0
9091,9.0
9092,13.0
9093,6.0
9094,9.0
9095,6.0
9096,2.0
9097,7.0
9098,3.0
9099,11.0
9100,3.0
9101,9.0
9102,2.0
9103,9.0
9104,9.0
9105,3.0
9106,1.0
9107,4.0
9108,9.0
9109,11.0
9110,2.0
9111,1.0
9112,9.0
9113,17.0
9114,3.0
9115,2.0
9116,4.0
9117,4.0
9118,1.0
9119,9.0
9120,9.0
9121,3.0
9122,4.0
9123,13.0
9124,9.0
9125,15.0
9126,9.0
9127,4.0
9128,1.0
9129,7.0
9130,10.0
9131,16.0
9132,4.0
9133,1.0
9134,6.0
9135,9.0
9136,9.0
9137,21.0
9138,16.0
9139,25.0
9140,5.0
9141,1.0
9142,9.0
9143,2.0
9144,33.0
9145,5.0
9146,4.0
9147,13.0
9148,13.0
9149,2.0
9150,1.0
9151,1.0
9152,17.0
9153,3.0
9154,2.0
9155,4.0
9156,48.0
9157,3.0
9158,3.0
9159,13.0
9160,8.0
9161,11.0
9162,15.0
9163,2.0
9164,3.0
9165,3.0
9166,4.0
9167,33.0
9168,10.0
9169,4.0
9170,10.0
9171,9.0
9172,2.0
9173,27.0
9174,9.0
9175,16.0
9176,10.0
9177,15.0
9178,21.0
9179,1.0
9180,10.0
9181,6.0
9182,9.0
9183,9.0
9184,22.0
9185,17.0
9186,9.0
9187,9.0
9188,31.0
9189,17.0
9190,3.0
9191,3.0
9192,7.0
9193,3.0
9194,4.0
9195,2.0
9196,3.0
9197,13.0
9198,2.0
9199,5.0
9200,4.0
9201,7.0
9202,2.0
9203,3.0
9204,3.0
9205,10.0
9206,7.0
9207,1.0
9208,2.0
9209,12.0
9210,4.0
9211,1.0
9212,14.0
9213,1.0
9214,6.0
9215,9.0
9216,3.0
9217,33.0
9218,41.0
9219,2.0
9220,2.0
9221,2.0
9222,9.0
9223,9.0
9224,1.0
9225,4.0
9226,9.0
9227,11.0
9228,9.0
9229,1.0
9230,9.0
9231,12.0
9232,9.0
9233,3.0
9234,7.0
9235,9.0
9236,15.0
9237,5.0
9238,9.0
9239,9.0
9240,11.0
9241,7.0
9242,3.0
9243,8.0
9244,14.0
9245,100.0
9246,3.0
9247,13.0
9248,2.0
9249,3.0
9250,2.0
9251,25.0
9252,28.0
9253,8.0
9254,15.0
9255,3.0
9256,4.0
9257,6.0
9258,6.0
9259,2.0
9260,10.0
9261,9.0
9262,4.0
9263,9.0
9264,9.0
9265,9.0
9266,9.0
9267,4.0
9268,8.0
9269,9.0
9270,9.0
9271,1.0
9272,1.0
9273,9.0
9274,12.0
9275,3.0
9276,1.0
9277,3.0
9278,2.0
9279,4.0
9280,3.0
9281,4.0
9282,9.0
9283,2.0
9284,10.0
9285,10.0
9286,6.0
9287,17.0
9288,10.0
9289,1.0
9290,3.0
9291,1.0
9292,3.0
9293,7.0
9294,13.0
9295,13.0
9296,8.0
9297,2.0
9298,4.0
9299,3.0
9300,13.0
9301,1.0
9302,27.0
9303,9.0
9304,4.0
9305,2.0
9306,4.0
9307,9.0
9308,3.0
9309,9.0
9310,13.0
9311,7.0
9312,1.0
9313,2.0
9314,1.0
9315,2.0
9316,2.0
9317,5.0
9318,1.0
9319,13.0
9320,7.0
9321,4.0
9322,3.0
9323,11.0
9324,13.0
9325,6.0
9326,13.0
9327,1.0
9328,3.0
9329,7.0
9330,13.0
9331,1.0
9332,16.0
9333,9.0
9334,3.0
9335,8.0
9336,100.0
9337,6.0
9338,13.0
9339,9.0
9340,11.0
9341,3.0
9342,10.0
9343,3.0
9344,7.0
9345,8.0
9346,19.0
9347,4.0
9348,3.0
9349,54.0
9350,1.0
9351,13.0
9352,4.0
9353,2.0
9354,9.0
9355,1.0
9356,9.0
9357,7.0
9358,19.0
9359,3.0
9360,6.0
9361,2.0
9362,10.0
9363,5.0
9364,10.0
9365,1.0
9366,7.0
9367,13.0
9368,23.0
9369,7.0
9370,1.0
9371,10.0
9372,6.0
9373,1.0
9374,9.0
9375,1.0
9376,2.0
9377,1.0
9378,16.0
9379,13.0
9380,6.0
9381,1.0
9382,9.0
9383,9.0
9384,2.0
9385,7.0
9386,1.0
9387,3.0
9388,9.0
9389,3.0
9390,19.0
9391,13.0
9392,7.0
9393,9.0
9394,2.0
9395,4.0
9396,9.0
9397,9.0
9398,2.0
9399,10.0
9400,6.0
9401,2.0
9402,6.0
9403,11.0
9404,2.0
9405,3.0
9406,15.0
9407,11.0
9408,4.0
9409,9.0
9410,6.0
9411,2.0
9412,7.0
9413,8.0
9414,9.0
9415,4.0
9416,5.0
9417,6.0
9418,6.0
9419,9.0
9420,7.0
9421,8.0
9422,7.0
9423,7.0
9424,6.0
9425,1.0
9426,4.0
9427,2.0
9428,15.0
9429,3.0
9430,9.0
9431,14.0
9432,6.0
9433,8.0
9434,9.0
9435,3.0
9436,3.0
9437,1.0
9438,4.0
9439,13.0
9440,1.0
9441,6.0
9442,8.0
9443,6.0
9444,8.0
9445,6.0
9446,12.0
9447,9.0
9448,54.0
9449,8.0
9450,4.0
9451,6.0
9452,1.0
9453,4.0
9454,1.0
9455,9.0
9456,7.0
9457,2.0
9458,2.0
9459,14.0
9460,2.0
9461,3.0
9462,22.0
9463,5.0
9464,9.0
9465,9.0
9466,9.0
9467,15.0
9468,3.0
9469,13.0
9470,13.0
9471,6.0
9472,6.0
9473,2.0
9474,9.0
9475,9.0
9476,4.0
9477,9.0
9478,2.0
9479,7.0
9480,100.0
9481,2.0
9482,7.0
9483,16.0
9484,9.0
9485,2.0
9486,9.0
9487,17.0
9488,10.0
9489,22.0
9490,12.0
9491,4.0
9492,15.0
9493,1.0
9494,1.0
9495,10.0
9496,4.0
9497,6.0
9498,13.0
9499,3.0
9500,6.0
9501,100.0
9502,4.0
9503,1.0
9504,5.0
9505,20.0
9506,6.0
9507,1.0
9508,2.0
9509,1.0
9510,4.0
9511,2.0
9512,11.0
9513,9.0
9514,13.0
9515,2.0
9516,12.0
9517,11.0
9518,2.0
9519,9.0
9520,9.0
9521,8.0
9522,20.0
9523,14.0
9524,3.0
9525,3.0
9526,9.0
9527,10.0
9528,3.0
9529,12.0
9530,3.0
9531,2.0
9532,9.0
9533,9.0
9534,9.0
9535,3.0
9536,3.0
9537,2.0
9538,9.0
9539,9.0
9540,4.0
9541,9.0
9542,8.0
9543,4.0
9544,13.0
9545,10.0
9546,1.0
9547,6.0
9548,27.0
9549,17.0
9550,1.0
9551,4.0
9552,10.0
9553,7.0
9554,4.0
9555,2.0
9556,2.0
9557,14.0
9558,4.0
9559,9.0
9560,3.0
9561,4.0
9562,9.0
9563,1.0
9564,12.0
9565,9.0
9566,12.0
9567,10.0
9568,1.0
9569,7.0
9570,4.0
9571,4.0
9572,5.0
9573,1.0
9574,9.0
9575,1.0
9576,3.0
9577,1.0
9578,4.0
9579,8.0
9580,2.0
9581,3.0
9582,16.0
9583,3.0
9584,27.0
9585,1.0
9586,2.0
9587,1.0
9588,2.0
9589,1.0
9590,6.0
9591,12.0
9592,3.0
9593,8.0
9594,16.0
9595,3.0
9596,9.0
9597,9.0
9598,1.0
9599,4.0
9600,2.0
9601,12.0
9602,1.0
9603,3.0
9604,6.0
9605,29.0
9606,4.0
9607,6.0
9608,4.0
9609,11.0
9610,9.0
9611,7.0
9612,8.0
9613,14.0
9614,6.0
9615,3.0
9616,9.0
9617,9.0
9618,6.0
9619,10.0
9620,3.0
9621,11.0
9622,9.0
9623,7.0
9624,3.0
9625,1.0
9626,1.0
9627,3.0
9628,33.0
9629,2.0
9630,5.0
9631,4.0
9632,6.0
9633,7.0
9634,9.0
9635,9.0
9636,7.0
9637,4.0
9638,11.0
9639,3.0
9640,4.0
9641,4.0
9642,3.0
9643,4.0
9644,9.0
9645,1.0
9646,2.0
9647,2.0
9648,15.0
9649,6.0
9650,2.0
9651,9.0
9652,3.0
9653,2.0
9654,9.0
9655,6.0
9656,6.0
9657,1.0
9658,1.0
9659,3.0
9660,3.0
9661,10.0
9662,1.0
9663,9.0
9664,6.0
9665,4.0
9666,3.0
9667,3.0
9668,12.0
9669,17.0
9670,4.0
9671,1.0
9672,1.0
9673,7.0
9674,4.0
9675,2.0
9676,1.0
9677,3.0
9678,31.0
9679,9.0
9680,10.0
9681,10.0
9682,10.0
9683,9.0
9684,1.0
9685,3.0
9686,7.0
9687,3.0
9688,1.0
9689,9.0
9690,10.0
9691,6.0
9692,7.0
9693,9.0
9694,1.0
9695,8.0
9696,9.0
9697,3.0
9698,6.0
9699,1.0
9700,13.0
9701,9.0
9702,11.0
9703,7.0
9704,3.0
9705,1.0
9706,1.0
9707,4.0
9708,9.0
9709,2.0
9710,2.0
9711,9.0
9712,15.0
9713,11.0
9714,3.0
9715,9.0
9716,15.0
9717,2.0
9718,5.0
9719,9.0
9720,2.0
9721,2.0
9722,1.0
9723,9.0
9724,1.0
9725,2.0
9726,7.0
9727,13.0
9728,3.0
9729,3.0
9730,4.0
9731,3.0
9732,6.0
9733,2.0
9734,9.0
9735,1.0
9736,2.0
9737,9.0
9738,3.0
9739,4.0
9740,13.0
9741,16.0
9742,3.0
9743,18.0
9744,15.0
9745,2.0
9746,14.0
9747,3.0
9748,9.0
9749,13.0
9750,9.0
9751,9.0
9752,2.0
9753,20.0
9754,17.0
9755,3.0
9756,9.0
9757,12.0
9758,4.0
9759,4.0
9760,2.0
9761,9.0
9762,2.0
9763,1.0
9764,3.0
9765,10.0
9766,12.0
9767,3.0
9768,6.0
9769,4.0
9770,4.0
9771,1.0
9772,4.0
9773,10.0
9774,2.0
9775,18.0
9776,4.0
9777,9.0
9778,2.0
9779,9.0
9780,3.0
9781,9.0
9782,13.0
